Allen,233
Cary,1313
12,mode1 fail(8.39847993850708)
12,3.726212978363037(mode1)
jbi,8.382478952407837(mode1)
jbi,25.329447984695435(mode1)
ddd,8.575490951538086(mode2)
